Fecha,3 Month Seller,Cash Seller
02-ene-14,"1,803","1,756"
03-ene-14,"1,787","1,739"
06-ene-14,"1,762","1,718"
07-ene-14,"1,781","1,733"
08-ene-14,"1,783","1,737"
09-ene-14,"1,758","1,713"
10-ene-14,"1,761","1,716"
13-ene-14,"1,763","1,716"
14-ene-14,"1,771","1,725"
15-ene-14,"1,760","1,715"
16-ene-14,"1,796","1,752"
17-ene-14,"1,807","1,766"
20-ene-14,"1,813","1,768"
21-ene-14,"1,786","1,743"
22-ene-14,"1,789","1,747"
23-ene-14,"1,774","1,732"
24-ene-14,"1,770","1,727"
27-ene-14,"1,756","1,711"
28-ene-14,"1,757","1,713"
29-ene-14,"1,754","1,710"
30-ene-14,"1,730","1,686"
31-ene-14,"1,709","1,664"
03-feb-14,"1,702","1,659"
04-feb-14,"1,687","1,642"
05-feb-14,"1,708","1,663"
06-feb-14,"1,697","1,655"
07-feb-14,"1,719","1,678"
10-feb-14,"1,715","1,672"
11-feb-14,"1,714","1,671"
12-feb-14,"1,729","1,686"
13-feb-14,"1,731","1,687"
14-feb-14,"1,751","1,711"
17-feb-14,"1,746","1,701"
18-feb-14,"1,737","1,694"
19-feb-14,"1,771","1,727"
20-feb-14,"1,761","1,718"
21-feb-14,"1,778","1,734"
24-feb-14,"1,742","1,700"
25-feb-14,"1,755","1,709"
26-feb-14,"1,780","1,735"
27-feb-14,"1,760","1,716"
28-feb-14,"1,766","1,724"
03-mar-14,"1,723","1,675"
04-mar-14,"1,733","1,687"
05-mar-14,"1,786","1,742"
06-mar-14,"1,775","1,732"
07-mar-14,"1,771","1,730"
10-mar-14,"1,757","1,715"
11-mar-14,"1,789","1,746"
12-mar-14,"1,759","1,717"
13-mar-14,"1,746","1,703"
14-mar-14,"1,739","1,698"
17-mar-14,"1,728","1,684"
18-mar-14,"1,733","1,691"
19-mar-14,"1,716","1,672"
20-mar-14,"1,715","1,674"
21-mar-14,"1,719","1,677"
24-mar-14,"1,732","1,689"
25-mar-14,"1,760","1,717"
26-mar-14,"1,750","1,706"
27-mar-14,"1,726","1,683"
28-mar-14,"1,752","1,710"
31-mar-14,"1,774","1,731"
01-abr-14,"1,785","1,744"
02-abr-14,"1,817","1,777"
03-abr-14,"1,823","1,783"
04-abr-14,"1,845","1,810"
07-abr-14,"1,831","1,794"
08-abr-14,"1,816","1,785"
09-abr-14,"1,823","1,792"
10-abr-14,"1,883","1,854"
11-abr-14,"1,873","1,841"
14-abr-14,"1,872","1,834"
15-abr-14,"1,858","1,817"
16-abr-14,"1,868","1,833"
17-abr-14,"1,875","1,837"
22-abr-14,"1,886","1,847"
23-abr-14,"1,874","1,836"
24-abr-14,"1,878","1,841"
25-abr-14,"1,863","1,824"
28-abr-14,"1,841","1,801"
29-abr-14,"1,822","1,780"
30-abr-14,"1,812","1,770"
01-may-14,"1,781","1,737"
02-may-14,"1,778","1,737"
06-may-14,"1,792","1,750"
07-may-14,"1,774","1,729"
08-may-14,"1,761","1,718"
09-may-14,"1,762","1,718"
12-may-14,"1,784","1,740"
13-may-14,"1,783","1,739"
14-may-14,"1,804","1,758"
15-may-14,"1,797","1,753"
16-may-14,"1,776","1,732"
19-may-14,"1,767","1,725"
20-may-14,"1,765","1,722"
21-may-14,"1,756","1,715"
22-may-14,"1,786","1,746"
23-may-14,"1,819","1,782"
27-may-14,"1,819","1,778"
28-may-14,"1,842","1,802"
29-may-14,"1,821","1,785"
30-may-14,"1,857","1,824"
02-jun-14,"1,850","1,817"
03-jun-14,"1,832","1,803"
04-jun-14,"1,822","1,797"
05-jun-14,"1,847","1,829"
06-jun-14,"1,838","1,817"
09-jun-14,"1,897","1,871"
10-jun-14,"1,893","1,865"
11-jun-14,"1,872","1,836"
12-jun-14,"1,862","1,822"
13-jun-14,"1,843","1,801"
16-jun-14,"1,844","1,802"
17-jun-14,"1,852","1,809"
18-jun-14,"1,870","1,829"
19-jun-14,"1,886","1,844"
20-jun-14,"1,886","1,845"
23-jun-14,"1,897","1,857"
24-jun-14,"1,896","1,859"
25-jun-14,"1,902","1,867"
26-jun-14,"1,892","1,857"
27-jun-14,"1,886","1,850"
30-jun-14,"1,884","1,851"
01-jul-14,"1,871","1,838"
02-jul-14,"1,889","1,862"
03-jul-14,"1,919","1,890"
04-jul-14,"1,926","1,893"
07-jul-14,"1,927","1,894"
08-jul-14,"1,943","1,911"
09-jul-14,"1,951","1,924"
10-jul-14,"1,911","1,886"
11-jul-14,"1,932","1,907"
14-jul-14,"1,943","1,923"
15-jul-14,"1,946","1,928"
16-jul-14,"1,982","1,963"
17-jul-14,"1,984","1,968"
18-jul-14,"1,979","1,959"
21-jul-14,"2,007","1,988"
22-jul-14,"2,039","2,021"
23-jul-14,"2,031","2,011"
24-jul-14,"2,036","2,014"
25-jul-14,"2,029","2,009"
28-jul-14,"2,007","1,988"
29-jul-14,"1,986","1,974"
30-jul-14,"1,994","1,983"
31-jul-14,"2,022","2,017"
01-ago-14,"1,971","1,965"
04-ago-14,"2,004","1,979"
05-ago-14,"2,014","2,002"
06-ago-14,"1,994","1,984"
07-ago-14,"2,024","2,015"
08-ago-14,"2,024","2,018"
11-ago-14,"2,033","2,032"
12-ago-14,"2,051","2,040"
13-ago-14,"2,044","2,026"
14-ago-14,"2,022","2,005"
15-ago-14,"1,989","1,980"
18-ago-14,"1,995","1,995"
19-ago-14,"2,038","2,028"
20-ago-14,"2,055","2,037"
21-ago-14,"2,069","2,059"
22-ago-14,"2,061","2,056"
26-ago-14,"2,089","2,082"
27-ago-14,"2,087","2,083"
28-ago-14,"2,089","2,108"
29-ago-14,"2,114","2,114"
01-sep-14,"2,096","2,082"
02-sep-14,"2,100","2,083"
03-sep-14,"2,091","2,078"
04-sep-14,"2,107","2,086"
05-sep-14,"2,098","2,075"
08-sep-14,"2,109","2,082"
09-sep-14,"2,076","2,045"
10-sep-14,"2,051","2,012"
11-sep-14,"2,041","2,002"
12-sep-14,"2,047","2,009"
15-sep-14,"2,001","1,959"
16-sep-14,"2,006","1,970"
17-sep-14,"2,006","1,967"
18-sep-14,"1,985","1,950"
19-sep-14,"1,983","1,950"
22-sep-14,"1,958","1,925"
23-sep-14,"1,974","1,940"
24-sep-14,"1,957","1,923"
25-sep-14,"1,961","1,927"
26-sep-14,"1,957","1,925"
29-sep-14,"1,948","1,914"
30-sep-14,"1,969","1,935"
01-oct-14,"1,933","1,899"
02-oct-14,"1,898","1,870"
03-oct-14,"1,913","1,883"
06-oct-14,"1,926","1,898"
07-oct-14,"1,917","1,886"
08-oct-14,"1,951","1,921"
09-oct-14,"1,956","1,924"
10-oct-14,"1,923","1,892"
13-oct-14,"1,934","1,904"
14-oct-14,"1,938","1,909"
15-oct-14,"1,941","1,913"
16-oct-14,"1,900","1,873"
17-oct-14,"1,945","1,930"
20-oct-14,"1,970","1,955"
21-oct-14,"1,981","1,972"
22-oct-14,"1,997","1,980"
23-oct-14,"1,987","1,985"
24-oct-14,"1,965","1,951"
27-oct-14,"1,967","1,964"
28-oct-14,"1,997","1,991"
29-oct-14,"2,014","2,012"
30-oct-14,"2,011","2,016"
31-oct-14,"2,037","2,057"
03-nov-14,"2,043","2,056"
04-nov-14,"2,049","2,051"
05-nov-14,"2,034","2,038"
06-nov-14,"2,054","2,053"
07-nov-14,"2,070","2,077"
10-nov-14,"2,042","2,041"
11-nov-14,"2,015","2,018"
12-nov-14,"2,050","2,062"
13-nov-14,"2,057","2,065"
14-nov-14,"2,018","2,021"
17-nov-14,"2,039","2,050"
18-nov-14,"2,006","2,016"
19-nov-14,"2,015","2,025"
20-nov-14,"2,011","2,017"
21-nov-14,"2,063","2,078"
24-nov-14,"2,048","2,060"
25-nov-14,"2,059","2,084"
26-nov-14,"2,066","2,099"
27-nov-14,"2,065","2,099"
28-nov-14,"2,027","2,072"
01-dic-14,"1,998","2,021"
02-dic-14,"2,003","2,015"
03-dic-14,"1,967","1,967"
04-dic-14,"1,975","1,975"
05-dic-14,"1,997","2,002"
08-dic-14,"1,973","1,960"
09-dic-14,"1,960","1,945"
10-dic-14,"1,966","1,950"
11-dic-14,"1,955","1,936"
12-dic-14,"1,941","1,918"
15-dic-14,"1,931","1,917"
16-dic-14,"1,910","1,875"
17-dic-14,"1,894","1,864"
18-dic-14,"1,917","1,889"
19-dic-14,"1,918","1,888"
22-dic-14,"1,905","1,878"
23-dic-14,"1,879","1,852"
24-dic-14,"1,864","1,834"
29-dic-14,"1,860","1,828"
30-dic-14,"1,854","1,835"
31-dic-14,"1,859","1,832"
02-ene-15,"1,848","1,822"
05-ene-15,"1,823","1,793"
06-ene-15,"1,807","1,773"
07-ene-15,"1,791","1,762"
08-ene-15,"1,803","1,777"
09-ene-15,"1,818","1,798"
12-ene-15,"1,802","1,779"
13-ene-15,"1,783","1,767"
14-ene-15,"1,779","1,768"
15-ene-15,"1,793","1,783"
16-ene-15,"1,809","1,799"
19-ene-15,"1,813","1,826"
20-ene-15,"1,835","1,830"
21-ene-15,"1,833","1,831"
22-ene-15,"1,872","1,867"
23-ene-15,"1,836","1,831"
26-ene-15,"1,829","1,818"
27-ene-15,"1,857","1,847"
28-ene-15,"1,858","1,850"
29-ene-15,"1,832","1,823"
30-ene-15,"1,847","1,838"
02-feb-15,"1,866","1,852"
03-feb-15,"1,890","1,870"
04-feb-15,"1,876","1,863"
05-feb-15,"1,862","1,849"
06-feb-15,"1,884","1,872"
09-feb-15,"1,870","1,855"
10-feb-15,"1,861","1,843"
11-feb-15,"1,832","1,812"
12-feb-15,"1,834","1,818"
13-feb-15,"1,846","1,832"
16-feb-15,"1,830","1,815"
17-feb-15,"1,821","1,801"
18-feb-15,"1,820","1,797"
19-feb-15,"1,821","1,802"
20-feb-15,"1,811","1,797"
23-feb-15,"1,793","1,773"
24-feb-15,"1,809","1,792"
25-feb-15,"1,801","1,784"
26-feb-15,"1,817","1,799"
27-feb-15,"1,808","1,795"
02-mar-15,"1,811","1,797"
03-mar-15,"1,796","1,784"
04-mar-15,"1,804","1,787"
05-mar-15,"1,806","1,788"
06-mar-15,"1,796","1,785"
09-mar-15,"1,775","1,761"
10-mar-15,"1,762","1,750"
11-mar-15,"1,770","1,754"
12-mar-15,"1,754","1,742"
13-mar-15,"1,747","1,744"
16-mar-15,"1,766","1,761"
17-mar-15,"1,768","1,770"
18-mar-15,"1,777","1,772"
19-mar-15,"1,782","1,783"
20-mar-15,"1,772","1,763"
23-mar-15,"1,796","1,787"
24-mar-15,"1,796","1,787"
25-mar-15,"1,772","1,764"
26-mar-15,"1,791","1,784"
27-mar-15,"1,778","1,772"
30-mar-15,"1,785","1,777"
31-mar-15,"1,790","1,789"
01-abr-15,"1,769","1,766"
02-abr-15,"1,774","1,771"
07-abr-15,"1,785","1,785"
08-abr-15,"1,775","1,775"
09-abr-15,"1,770","1,774"
10-abr-15,"1,770","1,773"
13-abr-15,"1,771","1,782"
14-abr-15,"1,768","1,771"
15-abr-15,"1,798","1,811"
16-abr-15,"1,840","1,857"
17-abr-15,"1,831","1,847"
20-abr-15,"1,829","1,859"
21-abr-15,"1,806","1,827"
22-abr-15,"1,814","1,818"
23-abr-15,"1,784","1,806"
24-abr-15,"1,809","1,830"
27-abr-15,"1,820","1,828"
28-abr-15,"1,862","1,868"
29-abr-15,"1,885","1,891"
30-abr-15,"1,904","1,910"
01-may-15,"1,922","1,919"
05-may-15,"1,926","1,911"
06-may-15,"1,938","1,916"
07-may-15,"1,899","1,871"
08-may-15,"1,896","1,864"
11-may-15,"1,886","1,852"
12-may-15,"1,884","1,855"
13-may-15,"1,895","1,860"
14-may-15,"1,885","1,846"
15-may-15,"1,848","1,813"
18-may-15,"1,837","1,796"
19-may-15,"1,788","1,750"
20-may-15,"1,790","1,749"
21-may-15,"1,776","1,736"
22-may-15,"1,765","1,726"
26-may-15,"1,752","1,711"
27-may-15,"1,739","1,700"
28-may-15,"1,761","1,720"
29-may-15,"1,745","1,706"
01-jun-15,"1,734","1,692"
02-jun-15,"1,752","1,712"
03-jun-15,"1,756","1,717"
04-jun-15,"1,736","1,698"
05-jun-15,"1,732","1,694"
08-jun-15,"1,738","1,696"
09-jun-15,"1,761","1,723"
10-jun-15,"1,763","1,727"
11-jun-15,"1,738","1,702"
12-jun-15,"1,742","1,702"
15-jun-15,"1,704","1,661"
16-jun-15,"1,702","1,661"
17-jun-15,"1,718","1,676"
18-jun-15,"1,719","1,681"
19-jun-15,"1,691","1,651"
22-jun-15,"1,693","1,651"
23-jun-15,"1,723","1,681"
24-jun-15,"1,730","1,691"
25-jun-15,"1,712","1,671"
26-jun-15,"1,710","1,668"
29-jun-15,"1,683","1,642"
30-jun-15,"1,689","1,647"
01-jul-15,"1,707","1,666"
02-jul-15,"1,731","1,693"
03-jul-15,"1,723","1,685"
06-jul-15,"1,685","1,644"
07-jul-15,"1,687","1,645"
08-jul-15,"1,661","1,620"
09-jul-15,"1,693","1,649"
10-jul-15,"1,693","1,653"
13-jul-15,"1,706","1,659"
14-jul-15,"1,693","1,653"
15-jul-15,"1,718","1,675"
16-jul-15,"1,709","1,664"
17-jul-15,"1,703","1,664"
20-jul-15,"1,683","1,637"
21-jul-15,"1,674","1,631"
22-jul-15,"1,655","1,611"
23-jul-15,"1,651","1,605"
24-jul-15,"1,639","1,595"
27-jul-15,"1,642","1,601"
28-jul-15,"1,650","1,609"
29-jul-15,"1,657","1,619"
30-jul-15,"1,645","1,609"
31-jul-15,"1,625","1,594"
03-ago-15,"1,606","1,564"
04-ago-15,"1,614","1,578"
05-ago-15,"1,611","1,570"
06-ago-15,"1,589","1,553"
07-ago-15,"1,593","1,557"
10-ago-15,"1,587","1,553"
11-ago-15,"1,582","1,547"
12-ago-15,"1,582","1,547"
13-ago-15,"1,570","1,539"
14-ago-15,"1,574","1,541"
17-ago-15,"1,559","1,524"
18-ago-15,"1,559","1,532"
19-ago-15,"1,552","1,522"
20-ago-15,"1,572","1,544"
21-ago-15,"1,552","1,524"
24-ago-15,"1,511","1,486"
25-ago-15,"1,547","1,526"
26-ago-15,"1,536","1,514"
27-ago-15,"1,547","1,528"
28-ago-15,"1,566","1,550"
01-sep-15,"1,595","1,578"
02-sep-15,"1,592","1,570"
03-sep-15,"1,627","1,607"
04-sep-15,"1,624","1,602"
07-sep-15,"1,610","1,588"
08-sep-15,"1,616","1,594"
09-sep-15,"1,649","1,628"
10-sep-15,"1,627","1,608"
11-sep-15,"1,635","1,615"
14-sep-15,"1,618","1,599"
15-sep-15,"1,616","1,601"
16-sep-15,"1,619","1,599"
17-sep-15,"1,619","1,607"
18-sep-15,"1,636","1,625"
21-sep-15,"1,623","1,612"
22-sep-15,"1,589","1,579"
23-sep-15,"1,583","1,572"
24-sep-15,"1,573","1,561"
25-sep-15,"1,578","1,567"
28-sep-15,"1,550","1,537"
29-sep-15,"1,562","1,549"
30-sep-15,"1,573","1,562"
01-oct-15,"1,588","1,579"
02-oct-15,"1,553","1,545"
05-oct-15,"1,556","1,547"
06-oct-15,"1,557","1,547"
07-oct-15,"1,580","1,567"
08-oct-15,"1,568","1,552"
09-oct-15,"1,624","1,607"
12-oct-15,"1,627","1,608"
13-oct-15,"1,577","1,560"
14-oct-15,"1,589","1,569"
15-oct-15,"1,588","1,568"
16-oct-15,"1,564","1,543"
19-oct-15,"1,559","1,536"
20-oct-15,"1,536","1,507"
21-oct-15,"1,524","1,491"
22-oct-15,"1,517","1,480"
23-oct-15,"1,517","1,481"
26-oct-15,"1,502","1,468"
27-oct-15,"1,491","1,454"
28-oct-15,"1,467","1,434"
29-oct-15,"1,472","1,441"
30-oct-15,"1,479","1,448"
02-nov-15,"1,484","1,452"
03-nov-15,"1,501","1,470"
04-nov-15,"1,503","1,473"
05-nov-15,"1,497","1,473"
06-nov-15,"1,508","1,492"
09-nov-15,"1,519","1,506"
10-nov-15,"1,499","1,486"
11-nov-15,"1,506","1,494"
12-nov-15,"1,493","1,485"
13-nov-15,"1,490","1,476"
16-nov-15,"1,474","1,458"
17-nov-15,"1,480","1,463"
18-nov-15,"1,474","1,454"
19-nov-15,"1,462","1,446"
20-nov-15,"1,488","1,475"
23-nov-15,"1,435","1,424"
24-nov-15,"1,445","1,433"
25-nov-15,"1,440","1,429"
26-nov-15,"1,481","1,471"
27-nov-15,"1,487","1,480"
30-nov-15,"1,452","1,442"
01-dic-15,"1,450","1,442"
02-dic-15,"1,469","1,460"
03-dic-15,"1,469","1,463"
04-dic-15,"1,511","1,503"
07-dic-15,"1,509","1,498"
08-dic-15,"1,468","1,462"
09-dic-15,"1,495","1,494"
10-dic-15,"1,482","1,479"
11-dic-15,"1,496","1,500"
14-dic-15,"1,476","1,476"
15-dic-15,"1,477","1,478"
16-dic-15,"1,478","1,478"
17-dic-15,"1,475","1,483"
18-dic-15,"1,500","1,508"
21-dic-15,"1,506","1,510"
22-dic-15,"1,515","1,518"
23-dic-15,"1,528","1,539"
24-dic-15,"1,542","1,541"
29-dic-15,"1,541","1,535"
30-dic-15,"1,513","1,507"
31-dic-15,"1,514","1,508"
04-ene-16,"1,471","1,466"
05-ene-16,"1,478","1,473"
06-ene-16,"1,464","1,457"
07-ene-16,"1,461","1,455"
08-ene-16,"1,483","1,476"
11-ene-16,"1,477","1,472"
12-ene-16,"1,462","1,457"
13-ene-16,"1,452","1,453"
14-ene-16,"1,471","1,478"
15-ene-16,"1,468","1,468"
18-ene-16,"1,476","1,487"
19-ene-16,"1,491","1,494"
20-ene-16,"1,468","1,462"
21-ene-16,"1,471","1,470"
22-ene-16,"1,497","1,498"
25-ene-16,"1,481","1,480"
26-ene-16,"1,481","1,481"
27-ene-16,"1,506","1,508"
28-ene-16,"1,524","1,527"
29-ene-16,"1,524","1,530"
01-feb-16,"1,516","1,520"
02-feb-16,"1,524","1,525"
03-feb-16,"1,512","1,514"
04-feb-16,"1,531","1,532"
05-feb-16,"1,533","1,531"
08-feb-16,"1,499","1,496"
09-feb-16,"1,492","1,492"
10-feb-16,"1,495","1,499"
11-feb-16,"1,489","1,494"
12-feb-16,"1,495","1,499"
15-feb-16,"1,507","1,506"
16-feb-16,"1,527","1,529"
17-feb-16,"1,515","1,520"
18-feb-16,"1,518","1,530"
19-feb-16,"1,537","1,552"
22-feb-16,"1,555","1,573"
23-feb-16,"1,565","1,576"
24-feb-16,"1,545","1,552"
25-feb-16,"1,577","1,600"
26-feb-16,"1,572","1,589"
29-feb-16,"1,586","1,622"
01-mar-16,"1,577","1,591"
02-mar-16,"1,581","1,597"
03-mar-16,"1,588","1,604"
04-mar-16,"1,573","1,588"
07-mar-16,"1,587","1,600"
08-mar-16,"1,589","1,590"
09-mar-16,"1,564","1,564"
10-mar-16,"1,574","1,565"
11-mar-16,"1,560","1,549"
14-mar-16,"1,547","1,533"
15-mar-16,"1,524","1,508"
16-mar-16,"1,510","1,495"
17-mar-16,"1,525","1,504"
18-mar-16,"1,520","1,498"
21-mar-16,"1,513","1,486"
22-mar-16,"1,503","1,481"
23-mar-16,"1,495","1,480"
24-mar-16,"1,480","1,470"
29-mar-16,"1,484","1,473"
01-abr-16,"1,536","1,524"
04-abr-16,"1,537","1,523"
05-abr-16,"1,519","1,498"
06-abr-16,"1,505","1,481"
07-abr-16,"1,506","1,485"
08-abr-16,"1,509","1,492"
11-abr-16,"1,507","1,494"
12-abr-16,"1,526","1,514"
13-abr-16,"1,551","1,546"
14-abr-16,"1,563","1,549"
15-abr-16,"1,546","1,535"
18-abr-16,"1,556","1,547"
19-abr-16,"1,566","1,566"
20-abr-16,"1,601","1,598"
21-abr-16,"1,638","1,628"
22-abr-16,"1,643","1,635"
25-abr-16,"1,652","1,641"
26-abr-16,"1,643","1,632"
27-abr-16,"1,647","1,643"
28-abr-16,"1,650","1,649"
29-abr-16,"1,675","1,673"
03-may-16,"1,649","1,629"
04-may-16,"1,630","1,611"
05-may-16,"1,617","1,602"
06-may-16,"1,615","1,599"
09-may-16,"1,575","1,557"
10-may-16,"1,562","1,543"
11-may-16,"1,574","1,560"
12-may-16,"1,556","1,545"
13-may-16,"1,544","1,529"
16-may-16,"1,541","1,526"
17-may-16,"1,543","1,532"
18-may-16,"1,542","1,530"
19-may-16,"1,549","1,536"
20-may-16,"1,569","1,559"
23-may-16,"1,540","1,526"
24-may-16,"1,562","1,553"
25-may-16,"1,546","1,539"
26-may-16,"1,559","1,553"
27-may-16,"1,559","1,552"
31-may-16,"1,559","1,548"
01-jun-16,"1,557","1,544"
02-jun-16,"1,566","1,559"
03-jun-16,"1,549","1,543"
06-jun-16,"1,558","1,548"
07-jun-16,"1,552","1,541"
08-jun-16,"1,607","1,596"
09-jun-16,"1,601","1,592"
10-jun-16,"1,586","1,584"
13-jun-16,"1,582","1,582"
14-jun-16,"1,606","1,605"
15-jun-16,"1,625","1,614"
16-jun-16,"1,604","1,593"
17-jun-16,"1,614","1,603"
20-jun-16,"1,619","1,608"
21-jun-16,"1,634","1,624"
22-jun-16,"1,634","1,624"
23-jun-16,"1,635","1,628"
24-jun-16,"1,611","1,601"
27-jun-16,"1,603","1,592"
28-jun-16,"1,613","1,603"
29-jun-16,"1,624","1,614"
30-jun-16,"1,644","1,635"
01-jul-16,"1,655","1,645"
04-jul-16,"1,663","1,653"
05-jul-16,"1,634","1,624"
06-jul-16,"1,635","1,624"
07-jul-16,"1,647","1,637"
08-jul-16,"1,653","1,641"
11-jul-16,"1,663","1,653"
12-jul-16,"1,660","1,646"
13-jul-16,"1,682","1,670"
14-jul-16,"1,681","1,672"
15-jul-16,"1,696","1,682"
18-jul-16,"1,653","1,645"
19-jul-16,"1,656","1,643"
20-jul-16,"1,625","1,609"
21-jul-16,"1,612","1,595"
22-jul-16,"1,613","1,600"
25-jul-16,"1,613","1,601"
26-jul-16,"1,601","1,591"
27-jul-16,"1,593","1,584"
28-jul-16,"1,603","1,598"
29-jul-16,"1,628","1,616"
01-ago-16,"1,654","1,646"
02-ago-16,"1,642","1,636"
03-ago-16,"1,630","1,620"
04-ago-16,"1,631","1,616"
05-ago-16,"1,638","1,628"
08-ago-16,"1,653","1,645"
09-ago-16,"1,640","1,626"
10-ago-16,"1,658","1,646"
11-ago-16,"1,643","1,630"
12-ago-16,"1,645","1,635"
15-ago-16,"1,657","1,645"
16-ago-16,"1,687","1,676"
17-ago-16,"1,696","1,686"
18-ago-16,"1,701","1,691"
19-ago-16,"1,663","1,649"
22-ago-16,"1,661","1,652"
23-ago-16,"1,667","1,653"
24-ago-16,"1,667","1,657"
25-ago-16,"1,638","1,624"
26-ago-16,"1,644","1,628"
30-ago-16,"1,642","1,628"
31-ago-16,"1,624","1,601"
01-sep-16,"1,608","1,587"
02-sep-16,"1,610","1,592"
05-sep-16,"1,587","1,569"
06-sep-16,"1,591","1,574"
07-sep-16,"1,599","1,583"
08-sep-16,"1,586","1,566"
09-sep-16,"1,587","1,568"
12-sep-16,"1,566","1,546"
13-sep-16,"1,574","1,557"
14-sep-16,"1,566","1,553"
15-sep-16,"1,574","1,560"
16-sep-16,"1,569","1,560"
19-sep-16,"1,576","1,559"
20-sep-16,"1,576","1,563"
21-sep-16,"1,578","1,570"
22-sep-16,"1,621","1,612"
23-sep-16,"1,643","1,638"
26-sep-16,"1,631","1,620"
27-sep-16,"1,664","1,648"
28-sep-16,"1,658","1,649"
29-sep-16,"1,664","1,653"
30-sep-16,"1,669","1,659"
03-oct-16,"1,660","1,650"
04-oct-16,"1,679","1,671"
05-oct-16,"1,669","1,663"
06-oct-16,"1,676","1,668"
07-oct-16,"1,682","1,675"
10-oct-16,"1,682","1,678"
11-oct-16,"1,674","1,673"
12-oct-16,"1,686","1,684"
13-oct-16,"1,687","1,681"
14-oct-16,"1,686","1,685"
17-oct-16,"1,654","1,645"
18-oct-16,"1,672","1,664"
19-oct-16,"1,628","1,622"
20-oct-16,"1,618","1,613"
21-oct-16,"1,621","1,617"
24-oct-16,"1,633","1,627"
25-oct-16,"1,659","1,651"
26-oct-16,"1,681","1,673"
27-oct-16,"1,687","1,682"
28-oct-16,"1,702","1,702"
31-oct-16,"1,724","1,723"
01-nov-16,"1,734","1,732"
02-nov-16,"1,711","1,709"
03-nov-16,"1,729","1,726"
04-nov-16,"1,722","1,719"
07-nov-16,"1,722","1,716"
08-nov-16,"1,715","1,706"
09-nov-16,"1,739","1,738"
10-nov-16,"1,773","1,773"
11-nov-16,"1,779","1,777"
14-nov-16,"1,755","1,765"
15-nov-16,"1,722","1,727"
16-nov-16,"1,710","1,719"
17-nov-16,"1,685","1,693"
18-nov-16,"1,700","1,712"
21-nov-16,"1,714","1,726"
22-nov-16,"1,737","1,739"
23-nov-16,"1,760","1,766"
24-nov-16,"1,776","1,774"
25-nov-16,"1,752","1,751"
28-nov-16,"1,769","1,767"
29-nov-16,"1,724","1,722"
30-nov-16,"1,724","1,723"
01-dic-16,"1,725","1,724"
02-dic-16,"1,713","1,715"
05-dic-16,"1,724","1,728"
06-dic-16,"1,713","1,718"
07-dic-16,"1,725","1,728"
08-dic-16,"1,724","1,732"
09-dic-16,"1,738","1,743"
12-dic-16,"1,743","1,750"
13-dic-16,"1,748","1,755"
14-dic-16,"1,742","1,752"
15-dic-16,"1,729","1,736"
16-dic-16,"1,724","1,733"
19-dic-16,"1,712","1,717"
20-dic-16,"1,716","1,723"
21-dic-16,"1,721","1,731"
22-dic-16,"1,721","1,738"
23-dic-16,"1,719","1,740"
28-dic-16,"1,714","1,727"
29-dic-16,"1,702","1,713"
30-dic-16,"1,702","1,714"
03-ene-17,"1,693","1,702"
04-ene-17,"1,689","1,701"
05-ene-17,"1,702","1,710"
06-ene-17,"1,712","1,722"
09-ene-17,"1,706","1,717"
10-ene-17,"1,747","1,758"
11-ene-17,"1,747","1,749"
12-ene-17,"1,788","1,788"
13-ene-17,"1,792","1,791"
16-ene-17,"1,812","1,812"
17-ene-17,"1,804","1,806"
18-ene-17,"1,799","1,801"
19-ene-17,"1,824","1,832"
20-ene-17,"1,833","1,839"
23-ene-17,"1,863","1,870"
24-ene-17,"1,868","1,870"
25-ene-17,"1,845","1,849"
26-ene-17,"1,840","1,838"
27-ene-17,"1,824","1,828"
30-ene-17,"1,811","1,807"
31-ene-17,"1,821","1,821"
01-feb-17,"1,819","1,818"
02-feb-17,"1,822","1,813"
03-feb-17,"1,816","1,809"
06-feb-17,"1,827","1,812"
07-feb-17,"1,824","1,809"
08-feb-17,"1,841","1,821"
09-feb-17,"1,856","1,839"
10-feb-17,"1,858","1,849"
13-feb-17,"1,872","1,868"
14-feb-17,"1,901","1,893"
15-feb-17,"1,885","1,871"
16-feb-17,"1,892","1,878"
17-feb-17,"1,879","1,866"
20-feb-17,"1,888","1,878"
21-feb-17,"1,890","1,878"
22-feb-17,"1,878","1,873"
23-feb-17,"1,891","1,883"
24-feb-17,"1,881","1,877"
27-feb-17,"1,906","1,908"
28-feb-17,"1,896","1,895"
01-mar-17,"1,939","1,934"
02-mar-17,"1,936","1,929"
03-mar-17,"1,913","1,909"
06-mar-17,"1,872","1,868"
07-mar-17,"1,867","1,858"
08-mar-17,"1,889","1,881"
09-mar-17,"1,856","1,847"
10-mar-17,"1,898","1,885"
13-mar-17,"1,895","1,882"
14-mar-17,"1,863","1,851"
15-mar-17,"1,876","1,863"
16-mar-17,"1,906","1,895"
17-mar-17,"1,911","1,901"
20-mar-17,"1,924","1,908"
21-mar-17,"1,930","1,918"
22-mar-17,"1,922","1,910"
23-mar-17,"1,923","1,913"
24-mar-17,"1,930","1,918"
27-mar-17,"1,925","1,916"
28-mar-17,"1,929","1,919"
29-mar-17,"1,939","1,931"
30-mar-17,"1,960","1,955"
31-mar-17,"1,955","1,947"
03-abr-17,"1,959","1,949"
04-abr-17,"1,949","1,938"
05-abr-17,"1,972","1,962"
06-abr-17,"1,969","1,956"
07-abr-17,"1,944","1,930"
10-abr-17,"1,941","1,929"
11-abr-17,"1,919","1,908"
12-abr-17,"1,917","1,907"
13-abr-17,"1,903","1,890"
18-abr-17,"1,930","1,916"
19-abr-17,"1,909","1,896"
20-abr-17,"1,943","1,933"
21-abr-17,"1,940","1,933"
24-abr-17,"1,934","1,928"
25-abr-17,"1,954","1,943"
26-abr-17,"1,964","1,958"
27-abr-17,"1,962","1,955"
28-abr-17,"1,938","1,930"
02-may-17,"1,918","1,909"
03-may-17,"1,923","1,916"
04-may-17,"1,917","1,910"
05-may-17,"1,914","1,907"
08-may-17,"1,884","1,879"
09-may-17,"1,880","1,874"
10-may-17,"1,875","1,870"
11-may-17,"1,890","1,887"
12-may-17,"1,884","1,880"
15-may-17,"1,905","1,900"
16-may-17,"1,913","1,915"
17-may-17,"1,926","1,928"
18-may-17,"1,906","1,905"
19-may-17,"1,938","1,938"
22-may-17,"1,942","1,943"
23-may-17,"1,930","1,926"
24-may-17,"1,944","1,944"
26-may-17,"1,954","1,950"
30-may-17,"1,944","1,944"
31-may-17,"1,919","1,920"
01-jun-17,"1,931","1,930"
02-jun-17,"1,914","1,917"
05-jun-17,"1,918","1,918"
06-jun-17,"1,890","1,893"
07-jun-17,"1,904","1,904"
08-jun-17,"1,904","1,903"
09-jun-17,"1,903","1,902"
12-jun-17,"1,893","1,888"
13-jun-17,"1,884","1,877"
14-jun-17,"1,896","1,887"
15-jun-17,"1,875","1,864"
16-jun-17,"1,872","1,861"
19-jun-17,"1,876","1,862"
20-jun-17,"1,900","1,889"
21-jun-17,"1,874","1,866"
22-jun-17,"1,878","1,872"
23-jun-17,"1,876","1,868"
26-jun-17,"1,863","1,855"
27-jun-17,"1,872","1,862"
28-jun-17,"1,893","1,886"
29-jun-17,"1,902","1,898"
30-jun-17,"1,915","1,909"
03-jul-17,"1,922","1,918"
04-jul-17,"1,914","1,904"
05-jul-17,"1,919","1,913"
06-jul-17,"1,936","1,926"
07-jul-17,"1,932","1,920"
10-jul-17,"1,923","1,914"
11-jul-17,"1,892","1,879"
12-jul-17,"1,894","1,877"
13-jul-17,"1,929","1,911"
14-jul-17,"1,921","1,904"
17-jul-17,"1,925","1,901"
18-jul-17,"1,907","1,887"
19-jul-17,"1,936","1,907"
20-jul-17,"1,924","1,898"
21-jul-17,"1,926","1,901"
24-jul-17,"1,918","1,890"
25-jul-17,"1,919","1,897"
26-jul-17,"1,934","1,912"
27-jul-17,"1,944","1,923"
28-jul-17,"1,913","1,892"
31-jul-17,"1,924","1,904"
01-ago-17,"1,910","1,877"
02-ago-17,"1,926","1,904"
03-ago-17,"1,916","1,892"
04-ago-17,"1,911","1,890"
07-ago-17,"1,940","1,920"
08-ago-17,"1,923","1,981"
09-ago-17,"2,024","2,018"
10-ago-17,"2,031","2,024"
11-ago-17,"2,038","2,041"
14-ago-17,"2,032","2,030"
15-ago-17,"2,051","2,056"
16-ago-17,"2,070","2,075"
17-ago-17,"2,086","2,096"
18-ago-17,"2,089","2,105"
21-ago-17,"2,082","2,085"
22-ago-17,"2,085","2,105"
23-ago-17,"2,076","2,083"
24-ago-17,"2,102","2,105"
25-ago-17,"2,099","2,097"
29-ago-17,"2,104","2,092"
30-ago-17,"2,086","2,067"
31-ago-17,"2,132","2,114"
01-sep-17,"2,134","2,114"
04-sep-17,"2,120","2,096"
05-sep-17,"2,107","2,082"
06-sep-17,"2,092","2,070"
07-sep-17,"2,097","2,075"
08-sep-17,"2,096","2,072"
11-sep-17,"2,129","2,101"
12-sep-17,"2,118","2,083"
13-sep-17,"2,118","2,083"
14-sep-17,"2,091","2,065"
15-sep-17,"2,100","2,068"
18-sep-17,"2,096","2,067"
19-sep-17,"2,132","2,108"
20-sep-17,"2,191","2,164"
21-sep-17,"2,174","2,154"
22-sep-17,"2,160","2,137"
25-sep-17,"2,148","2,128"
26-sep-17,"2,138","2,116"
27-sep-17,"2,140","2,117"
28-sep-17,"2,128","2,103"
29-sep-17,"2,133","2,111"
02-oct-17,"2,090","2,067"
03-oct-17,"2,127","2,115"
04-oct-17,"2,155","2,140"
05-oct-17,"2,147","2,124"
06-oct-17,"2,146","2,122"
09-oct-17,"2,157","2,135"
10-oct-17,"2,161","2,133"
11-oct-17,"2,147","2,124"
12-oct-17,"2,143","2,118"
13-oct-17,"2,161","2,140"
16-oct-17,"2,160","2,144"
17-oct-17,"2,136","2,111"
18-oct-17,"2,126","2,107"
19-oct-17,"2,139","2,129"
20-oct-17,"2,166","2,159"
23-oct-17,"2,145","2,134"
24-oct-17,"2,156","2,144"
25-oct-17,"2,159","2,150"
26-oct-17,"2,188","2,175"
27-oct-17,"2,142","2,119"
30-oct-17,"2,161","2,143"
31-oct-17,"2,157","2,140"
01-nov-17,"2,197","2,188"
02-nov-17,"2,167","2,152"
03-nov-17,"2,184","2,165"
06-nov-17,"2,173","2,152"
07-nov-17,"2,151","2,131"
08-nov-17,"2,120","2,104"
09-nov-17,"2,092","2,078"
10-nov-17,"2,104","2,090"
13-nov-17,"2,114","2,100"
14-nov-17,"2,106","2,085"
15-nov-17,"2,097","2,082"
16-nov-17,"2,124","2,106"
17-nov-17,"2,096","2,077"
20-nov-17,"2,082","2,068"
21-nov-17,"2,080","2,062"
22-nov-17,"2,103","2,085"
23-nov-17,"2,104","2,090"
24-nov-17,"2,120","2,104"
27-nov-17,"2,124","2,110"
28-nov-17,"2,114","2,100"
29-nov-17,"2,076","2,062"
30-nov-17,"2,052","2,033"
01-dic-17,"2,062","2,047"
04-dic-17,"2,071","2,053"
05-dic-17,"2,068","2,052"
06-dic-17,"2,043","2,029"
07-dic-17,"2,012","1,994"
08-dic-17,"2,012","1,992"
11-dic-17,"2,006","1,992"
12-dic-17,"2,027","2,004"
13-dic-17,"2,016","1,997"
14-dic-17,"2,034","2,017"
15-dic-17,"2,051","2,036"
18-dic-17,"2,068","2,048"
19-dic-17,"2,082","2,061"
20-dic-17,"2,114","2,092"
21-dic-17,"2,126","2,109"
22-dic-17,"2,154","2,137"
27-dic-17,"2,209","2,200"
28-dic-17,"2,257","2,246"
03-ene-18,"2,252","2,241"
04-ene-18,"2,268","2,256"
05-ene-18,"2,225","2,206"
08-ene-18,"2,194","2,178"
09-ene-18,"2,162","2,144"
10-ene-18,"2,173","2,159"
11-ene-18,"2,191","2,179"
12-ene-18,"2,223","2,215"
15-ene-18,"2,232","2,228"
16-ene-18,"2,182","2,172"
17-ene-18,"2,194","2,187"
18-ene-18,"2,219","2,225"
19-ene-18,"2,254","2,256"
22-ene-18,"2,239","2,235"
23-ene-18,"2,218","2,214"
24-ene-18,"2,221","2,216"
25-ene-18,"2,241","2,238"
26-ene-18,"2,241","2,238"
29-ene-18,"2,258","2,252"
30-ene-18,"2,226","2,229"
31-ene-18,"2,222","2,225"
01-feb-18,"2,216","2,218"
02-feb-18,"2,227","2,228"
05-feb-18,"2,203","2,202"
06-feb-18,"2,195","2,196"
07-feb-18,"2,179","2,182"
08-feb-18,"2,163","2,168"
09-feb-18,"2,144","2,142"
12-feb-18,"2,130","2,130"
13-feb-18,"2,134","2,124"
14-feb-18,"2,141","2,138"
15-feb-18,"2,165","2,164"
16-feb-18,"2,181","2,190"
19-feb-18,"2,225","2,266"
20-feb-18,"2,206","2,239"
21-feb-18,"2,176","2,190"
22-feb-18,"2,182","2,194"
23-feb-18,"2,166","2,210"
26-feb-18,"2,161","2,189"
27-feb-18,"2,147","2,173"
28-feb-18,"2,138","2,159"
01-mar-18,"2,138","2,143"
02-mar-18,"2,152","2,144"
05-mar-18,"2,141","2,135"
06-mar-18,"2,155","2,136"
07-mar-18,"2,132","2,113"
08-mar-18,"2,104","2,083"
09-mar-18,"2,099","2,079"
12-mar-18,"2,118","2,097"
13-mar-18,"2,101","2,080"
14-mar-18,"2,117","2,096"
15-mar-18,"2,086","2,063"
16-mar-18,"2,089","2,069"
19-mar-18,"2,092","2,071"
20-mar-18,"2,094","2,073"
21-mar-18,"2,079","2,057"
22-mar-18,"2,079","2,059"
23-mar-18,"2,072","2,049"
26-mar-18,"2,048","2,022"
27-mar-18,"2,056","2,035"
28-mar-18,"2,029","2,009"
29-mar-18,"2,014","1,997"
03-abr-18,"2,027","2,010"
04-abr-18,"1,990","1,972"
05-abr-18,"1,990","1,969"
06-abr-18,"1,988","1,967"
09-abr-18,"2,122","2,113"
10-abr-18,"2,175","2,172"
11-abr-18,"2,245","2,253"
12-abr-18,"2,212","2,221"
13-abr-18,"2,304","2,325"
16-abr-18,"2,349","2,359"
17-abr-18,"2,372","2,376"
18-abr-18,"2,523","2,529"
19-abr-18,"2,587","2,603"
20-abr-18,"2,450","2,463"
23-abr-18,"2,439","2,452"
24-abr-18,"2,223","2,222"
25-abr-18,"2,239","2,248"
26-abr-18,"2,206","2,204"
27-abr-18,"2,248","2,249"
30-abr-18,"2,226","2,224"
01-may-18,"2,238","2,258"
02-may-18,"2,270","2,269"
03-may-18,"2,342","2,349"
04-may-18,"2,307","2,316"
08-may-18,"2,363","2,384"
09-may-18,"2,281","2,295"
10-may-18,"2,326","2,327"
11-may-18,"2,275","2,274"
14-may-18,"2,296","2,286"
15-may-18,"2,311","2,313"
16-may-18,"2,313","2,320"
17-may-18,"2,261","2,280"
18-may-18,"2,294","2,297"
21-may-18,"2,280","2,279"
22-may-18,"2,274","2,266"
23-may-18,"2,241","2,227"
24-may-18,"2,271","2,271"
25-may-18,"2,285","2,282"
29-may-18,"2,263","2,260"
30-may-18,"2,273","2,266"
31-may-18,"2,286","2,286"
01-jun-18,"2,271","2,271"
04-jun-18,"2,321","2,325"
05-jun-18,"2,316","2,315"
06-jun-18,"2,323","2,318"
07-jun-18,"2,337","2,331"
08-jun-18,"2,300","2,288"
11-jun-18,"2,297","2,300"
12-jun-18,"2,311","2,309"
13-jun-18,"2,276","2,278"
14-jun-18,"2,267","2,278"
15-jun-18,"2,233","2,240"
18-jun-18,"2,216","2,221"
19-jun-18,"2,179","2,179"
20-jun-18,"2,177","2,179"
21-jun-18,"2,166","2,167"
22-jun-18,"2,172","2,166"
25-jun-18,"2,167","2,172"
26-jun-18,"2,143","2,152"
27-jun-18,"2,198","2,205"
28-jun-18,"2,155","2,173"
29-jun-18,"2,160","2,183"
02-jul-18,"2,130","2,153"
03-jul-18,"2,133","2,165"
04-jul-18,"2,100","2,121"
05-jul-18,"2,101","2,127"
06-jul-18,"2,072","2,099"
09-jul-18,"2,106","2,136"
10-jul-18,"2,110","2,141"
11-jul-18,"2,079","2,121"
12-jul-18,"2,057","2,105"
13-jul-18,"2,052","2,102"
16-jul-18,"2,062","2,130"
17-jul-18,"2,065","2,110"
18-jul-18,"2,025","2,040"
19-jul-18,"2,025","2,062"
20-jul-18,"2,031","2,075"
23-jul-18,"2,077","2,130"
24-jul-18,"2,097","2,082"
25-jul-18,"2,074","2,057"
26-jul-18,"2,066","2,054"
27-jul-18,"2,069","2,055"
30-jul-18,"2,074","2,054"
31-jul-18,"2,076","2,061"
01-ago-18,"2,058","2,036"
02-ago-18,"2,047","2,023"
03-ago-18,"2,041","2,016"
06-ago-18,"2,028","2,001"
07-ago-18,"2,053","2,027"
08-ago-18,"2,045","2,022"
09-ago-18,"2,138","2,118"
10-ago-18,"2,061","2,039"
13-ago-18,"2,077","2,052"
14-ago-18,"2,064","2,038"
15-ago-18,"2,023","1,995"
16-ago-18,"2,024","1,998"
17-ago-18,"2,026","1,999"
20-ago-18,"2,066","2,033"
21-ago-18,"2,065","2,041"
22-ago-18,"2,064","2,039"
23-ago-18,"2,044","2,022"
24-ago-18,"2,086","2,062"
28-ago-18,"2,115","2,088"
29-ago-18,"2,142","2,116"
30-ago-18,"2,149","2,127"
31-ago-18,"2,139","2,112"
03-sep-18,"2,110","2,084"
04-sep-18,"2,070","2,040"
05-sep-18,"2,077","2,046"
06-sep-18,"2,063","2,031"
07-sep-18,"2,066","2,030"
10-sep-18,"2,037","2,000"
11-sep-18,"2,074","2,035"
12-sep-18,"2,023","1,982"
13-sep-18,"2,051","2,015"
14-sep-18,"2,054","2,016"
17-sep-18,"2,018","1,985"
18-sep-18,"2,041","2,012"
19-sep-18,"2,020","1,981"
20-sep-18,"2,048","2,019"
21-sep-18,"2,067","2,034"
24-sep-18,"2,066","2,035"
25-sep-18,"2,055","2,020"
26-sep-18,"2,081","2,057"
27-sep-18,"2,052","2,030"
28-sep-18,"2,034","2,012"
01-oct-18,"2,064","2,048"
02-oct-18,"2,093","2,080"
03-oct-18,"2,176","2,167"
04-oct-18,"2,251","2,244"
05-oct-18,"2,151","2,140"
08-oct-18,"2,079","2,074"
09-oct-18,"2,041","2,032"
10-oct-18,"2,038","2,029"
11-oct-18,"2,029","2,024"
12-oct-18,"2,048","2,045"
15-oct-18,"2,031","2,028"
16-oct-18,"2,024","2,022"
17-oct-18,"2,024","2,018"
18-oct-18,"2,013","2,008"
19-oct-18,"2,024","2,023"
22-oct-18,"2,013","2,003"
23-oct-18,"2,016","1,997"
24-oct-18,"2,005","1,988"
25-oct-18,"1,999","1,981"
26-oct-18,"1,978","1,961"
29-oct-18,"2,001","1,981"
30-oct-18,"1,973","1,952"
31-oct-18,"1,967","1,946"
01-nov-18,"1,978","1,961"
02-nov-18,"1,985","1,967"
05-nov-18,"1,971","1,959"
06-nov-18,"1,969","1,950"
07-nov-18,"1,963","1,952"
08-nov-18,"1,982","1,977"
09-nov-18,"1,972","1,965"
12-nov-18,"1,943","1,934"
13-nov-18,"1,938","1,925"
14-nov-18,"1,945","1,931"
15-nov-18,"1,941","1,917"
16-nov-18,"1,932","1,914"
19-nov-18,"1,941","1,918"
20-nov-18,"1,941","1,927"
21-nov-18,"1,954","1,945"
22-nov-18,"1,954","1,942"
23-nov-18,"1,935","1,923"
26-nov-18,"1,930","1,920"
27-nov-18,"1,936","1,925"
28-nov-18,"1,924","1,913"
29-nov-18,"1,933","1,933"
30-nov-18,"1,939","1,935"
03-dic-18,"1,980","1,983"
04-dic-18,"1,981","1,985"
05-dic-18,"1,971","1,967"
06-dic-18,"1,942","1,945"
07-dic-18,"1,959","1,962"
10-dic-18,"1,951","1,951"
11-dic-18,"1,958","1,950"
12-dic-18,"1,937","1,928"
13-dic-18,"1,932","1,924"
14-dic-18,"1,921","1,908"
17-dic-18,"1,925","1,938"
18-dic-18,"1,942","1,940"
19-dic-18,"1,929","1,928"
20-dic-18,"1,924","1,924"
21-dic-18,"1,912","1,920"
24-dic-18,"1,899","1,899"
27-dic-18,"1,882","1,898"
28-dic-18,"1,857","1,881"
31-dic-18,"1,846","1,870"
02-ene-19,"1,847","1,858"
03-ene-19,"1,821","1,826"
04-ene-19,"1,862","1,879"
07-ene-19,"1,874","1,858"
08-ene-19,"1,859","1,837"
09-ene-19,"1,863","1,842"
10-ene-19,"1,857","1,844"
11-ene-19,"1,841","1,816"
14-ene-19,"1,814","1,776"
15-ene-19,"1,837","1,811"
16-ene-19,"1,867","1,840"
17-ene-19,"1,828","1,804"
18-ene-19,"1,858","1,851"
21-ene-19,"1,856","1,843"
22-ene-19,"1,868","1,868"
23-ene-19,"1,892","1,878"
24-ene-19,"1,871","1,851"
25-ene-19,"1,887","1,867"
28-ene-19,"1,885","1,860"
29-ene-19,"1,875","1,853"
30-ene-19,"1,890","1,871"
31-ene-19,"1,904","1,881"
01-feb-19,"1,893","1,873"
04-feb-19,"1,869","1,840"
05-feb-19,"1,923","1,897"
06-feb-19,"1,913","1,887"
07-feb-19,"1,891","1,863"
08-feb-19,"1,889","1,865"
11-feb-19,"1,870","1,848"
12-feb-19,"1,866","1,841"
13-feb-19,"1,865","1,840"
14-feb-19,"1,851","1,829"
15-feb-19,"1,863","1,829"
18-feb-19,"1,854","1,823"
19-feb-19,"1,862","1,834"
20-feb-19,"1,856","1,830"
21-feb-19,"1,877","1,859"
22-feb-19,"1,912","1,891"
25-feb-19,"1,912","1,886"
26-feb-19,"1,899","1,870"
27-feb-19,"1,922","1,899"
28-feb-19,"1,916","1,893"
01-mar-19,"1,911","1,891"
04-mar-19,"1,879","1,860"
05-mar-19,"1,890","1,869"
06-mar-19,"1,869","1,846"
07-mar-19,"1,864","1,841"
08-mar-19,"1,872","1,848"
11-mar-19,"1,858","1,830"
12-mar-19,"1,878","1,851"
13-mar-19,"1,897","1,873"
14-mar-19,"1,898","1,874"
15-mar-19,"1,892","1,868"
18-mar-19,"1,899","1,879"
19-mar-19,"1,935","1,908"
20-mar-19,"1,945","1,923"
21-mar-19,"1,920","1,891"
22-mar-19,"1,894","1,867"
25-mar-19,"1,887","1,856"
26-mar-19,"1,876","1,850"
27-mar-19,"1,915","1,899"
28-mar-19,"1,912","1,897"
29-mar-19,"1,914","1,900"
01-abr-19,"1,913","1,858"
02-abr-19,"1,884","1,858"
03-abr-19,"1,894","1,865"
04-abr-19,"1,893","1,872"
05-abr-19,"1,887","1,864"
08-abr-19,"1,883","1,859"
09-abr-19,"1,877","1,851"
10-abr-19,"1,876","1,852"
11-abr-19,"1,864","1,848"
12-abr-19,"1,865","1,844"
15-abr-19,"1,860","1,844"
16-abr-19,"1,856","1,839"
17-abr-19,"1,858","1,841"
18-abr-19,"1,855","1,839"
23-abr-19,"1,871","1,855"
24-abr-19,"1,872","1,854"
25-abr-19,"1,862","1,852"
26-abr-19,"1,849","1,832"
29-abr-19,"1,832","1,816"
30-abr-19,"1,818","1,809"
01-may-19,"1,789","1,776"
02-may-19,"1,818","1,801"
03-may-19,"1,811","1,784"
07-may-19,"1,799","1,767"
08-may-19,"1,800","1,761"
09-may-19,"1,799","1,767"
10-may-19,"1,801","1,765"
13-may-19,"1,801","1,766"
14-may-19,"1,823","1,792"
15-may-19,"1,832","1,802"
16-may-19,"1,862","1,832"
17-may-19,"1,835","1,805"
20-may-19,"1,820","1,786"
21-may-19,"1,805","1,766"
22-may-19,"1,782","1,747"
23-may-19,"1,771","1,740"
24-may-19,"1,795","1,762"
28-may-19,"1,804","1,773"
29-may-19,"1,797","1,770"
30-may-19,"1,787","1,762"
31-may-19,"1,789","1,761"
03-jun-19,"1,789","1,764"
04-jun-19,"1,776","1,752"
05-jun-19,"1,794","1,766"
06-jun-19,"1,774","1,743"
07-jun-19,"1,766","1,733"
10-jun-19,"1,753","1,721"
11-jun-19,"1,784","1,755"
12-jun-19,"1,786","1,754"
13-jun-19,"1,788","1,756"
14-jun-19,"1,771","1,738"
17-jun-19,"1,755","1,720"
18-jun-19,"1,763","1,733"
19-jun-19,"1,777","1,747"
20-jun-19,"1,803","1,778"
21-jun-19,"1,768","1,744"
24-jun-19,"1,773","1,748"
25-jun-19,"1,801","1,777"
26-jun-19,"1,825","1,803"
27-jun-19,"1,804","1,782"
28-jun-19,"1,794","1,774"
01-jul-19,"1,804","1,778"
02-jul-19,"1,780","1,756"
03-jul-19,"1,779","1,755"
04-jul-19,"1,795","1,772"
05-jul-19,"1,802","1,780"
08-jul-19,"1,800","1,783"
09-jul-19,"1,803","1,783"
10-jul-19,"1,832","1,812"
11-jul-19,"1,828","1,807"
12-jul-19,"1,820","1,800"
15-jul-19,"1,830","1,810"
16-jul-19,"1,837","1,818"
17-jul-19,"1,839","1,819"
18-jul-19,"1,846","1,828"
19-jul-19,"1,856","1,833"
22-jul-19,"1,836","1,808"
23-jul-19,"1,821","1,795"
24-jul-19,"1,827","1,796"
25-jul-19,"1,825","1,796"
26-jul-19,"1,805","1,778"
29-jul-19,"1,799","1,775"
30-jul-19,"1,807","1,782"
31-jul-19,"1,807","1,777"
,,
,"1,782","1,754"
,"1,816","1,793"
